index,n_collections,raw_richness,corrected_richness,Reduction_%
Changhsingian,10046,1901,379.382,80.04302998421883
Griesbachian,4122,441,189.384,57.055782312925174
Dienerian,1517,306,192.987,36.932352941176475
Smithian,4618,806,289.144,64.12605459057072
Spathian,3322,736,291.588,60.3820652173913
Aegean,557,261,261.0,0.0
Bithynian,950,317,225.409,28.89305993690852
Pelsonian,3314,538,238.807,55.61208178438661
Illyrian,2760,596,270.927,54.542449664429526
Anisian,3739,1223,380.24,68.90923957481603
