feature,mean_abs_shap
duration,0.2002966182893189
occurrence_count,0.07442520277887557
lng_range,0.05129461132683559
lat_range,0.048100264865913074
lazarus,0.048005331965203346
environment_breadth,0.023592301606587332
