Feature,Importance
duration,0.31766868088804656
lat_range,0.12619858883715157
lng_range,0.11620770374548456
formation_breadth,0.1136659050952309
collection_count,0.09556266665950022
occurrence_count,0.0848687536402853
sampling_intensity,0.07321151967197416
environment_breadth,0.03662215115672557
lazarus,0.03599403030560112
